{
  "roc_auc": 0.6884446611409069,
  "pr_auc": 0.14983961773730992,
  "roc_curve": {
    "fpr": [
      0.0,
      0.0034129692832764505,
      0.010238907849829351,
      0.010238907849829351,
      0.030716723549488054,
      0.030716723549488054,
      0.040955631399317405,
      0.040955631399317405,
      0.05460750853242321,
      0.05460750853242321,
      0.07167235494880546,
      0.07167235494880546,
      0.10238907849829351,
      0.10238907849829351,
      0.15699658703071673,
      0.15699658703071673,
      0.21843003412969283,
      0.21843003412969283,
      0.22525597269624573,
      0.22525597269624573,
      0.2593856655290102,
      0.2593856655290102,
      0.2696245733788396,
      0.2696245733788396,
      0.3651877133105802,
      0.3651877133105802,
      0.40955631399317405,
      0.40955631399317405,
      0.4232081911262799,
      0.4232081911262799,
      0.5665529010238908,
      0.5665529010238908,
      0.6621160409556314,
      0.6621160409556314,
      0.7986348122866894,
      0.7986348122866894,
      0.8156996587030717,
      0.8156996587030717,
      0.863481228668942,
      0.863481228668942,
      1.0
    ],
    "tpr": [
      0.0,
      0.0,
      0.0,
      0.047619047619047616,
      0.047619047619047616,
      0.09523809523809523,
      0.09523809523809523,
      0.19047619047619047,
      0.19047619047619047,
      0.23809523809523808,
      0.23809523809523808,
      0.2857142857142857,
      0.2857142857142857,
      0.3333333333333333,
      0.3333333333333333,
      0.42857142857142855,
      0.42857142857142855,
      0.47619047619047616,
      0.47619047619047616,
      0.5238095238095238,
      0.5238095238095238,
      0.5714285714285714,
      0.5714285714285714,
      0.6190476190476191,
      0.6190476190476191,
      0.6666666666666666,
      0.6666666666666666,
      0.7142857142857143,
      0.7142857142857143,
      0.7619047619047619,
      0.7619047619047619,
      0.8095238095238095,
      0.8095238095238095,
      0.8571428571428571,
      0.8571428571428571,
      0.9047619047619048,
      0.9047619047619048,
      0.9523809523809523,
      0.9523809523809523,
      1.0,
      1.0
    ]
  },
  "pr_curve": {
    "precision": [
      0.06687898089171974,
      0.0670926517571885,
      0.0673076923076923,
      0.06752411575562701,
      0.06774193548387097,
      0.06796116504854369,
      0.06818181818181818,
      0.06840390879478828,
      0.06862745098039216,
      0.06885245901639345,
      0.06907894736842106,
      0.06930693069306931,
      0.0695364238410596,
      0.06976744186046512,
      0.07,
      0.07023411371237458,
      0.07046979865771812,
      0.0707070707070707,
      0.07094594594594594,
      0.0711864406779661,
      0.07142857142857142,
      0.07167235494880546,
      0.07191780821917808,
      0.07216494845360824,
      0.07241379310344828,
      0.0726643598615917,
      0.07291666666666667,
      0.07317073170731707,
      0.07342657342657342,
      0.07368421052631578,
      0.07394366197183098,
      0.07420494699646643,
      0.07446808510638298,
      0.07473309608540925,
      0.075,
      0.07526881720430108,
      0.07553956834532374,
      0.07581227436823104,
      0.07608695652173914,
      0.07636363636363637,
      0.07664233576642336,
      0.07326007326007326,
      0.07352941176470588,
      0.07380073800738007,
      0.07407407407407407,
      0.07434944237918216,
      0.07462686567164178,
      0.0749063670411985,
      0.07518796992481203,
      0.07547169811320754,
      0.07575757575757576,
      0.07604562737642585,
      0.07633587786259542,
      0.07662835249042145,
      0.07692307692307693,
      0.07722007722007722,
      0.07364341085271318,
      0.07392996108949416,
      0.07421875,
      0.07450980392156863,
      0.07480314960629922,
      0.07509881422924901,
      0.07142857142857142,
      0.07171314741035857,
      0.072,
      0.07228915662650602,
      0.07258064516129033,
      0.0728744939271255,
      0.07317073170731707,
      0.07346938775510205,
      0.07377049180327869,
      0.07407407407407407,
      0.0743801652892562,
      0.07468879668049792,
      0.075,
      0.07531380753138076,
      0.07563025210084033,
      0.0759493670886076,
      0.07627118644067797,
      0.07659574468085106,
      0.07692307692307693,
      0.07725321888412018,
      0.07758620689655173,
      0.07792207792207792,
      0.0782608695652174,
      0.07860262008733625,
      0.07894736842105263,
      0.07929515418502203,
      0.07964601769911504,
      0.08,
      0.08035714285714286,
      0.08071748878923767,
      0.08108108108108109,
      0.08144796380090498,
      0.08181818181818182,
      0.0821917808219178,
      0.08256880733944955,
      0.08294930875576037,
      0.08333333333333333,
      0.08372093023255814,
      0.08411214953271028,
      0.08450704225352113,
      0.08490566037735849,
      0.08056872037914692,
      0.08095238095238096,
      0.08133971291866028,
      0.08173076923076923,
      0.0821256038647343,
      0.0825242718446602,
      0.08292682926829269,
      0.08333333333333333,
      0.08374384236453201,
      0.08415841584158416,
      0.0845771144278607,
      0.085,
      0.08542713567839195,
      0.08585858585858586,
      0.08629441624365482,
      0.08673469387755102,
      0.08717948717948718,
      0.08762886597938144,
      0.08808290155440414,
      0.08854166666666667,
      0.08900523560209424,
      0.08947368421052632,
      0.08994708994708994,
      0.09042553191489362,
      0.09090909090909091,
      0.0913978494623656,
      0.0918918918918919,
      0.09239130434782608,
      0.09289617486338798,
      0.08791208791208792,
      0.08839779005524862,
      0.08888888888888889,
      0.0893854748603352,
      0.0898876404494382,
      0.0903954802259887,
      0.09090909090909091,
      0.09142857142857143,
      0.09195402298850575,
      0.09248554913294797,
      0.09302325581395349,
      0.0935672514619883,
      0.09411764705882353,
      0.09467455621301775,
      0.09523809523809523,
      0.09580838323353294,
      0.0963855421686747,
      0.09696969696969697,
      0.0975609756097561,
      0.09815950920245399,
      0.09876543209876543,
      0.09937888198757763,
      0.1,
      0.10062893081761007,
      0.10126582278481013,
      0.10191082802547771,
      0.10256410256410256,
      0.1032258064516129,
      0.1038961038961039,
      0.10457516339869281,
      0.10526315789473684,
      0.10596026490066225,
      0.10666666666666667,
      0.10738255033557047,
      0.10810810810810811,
      0.10884353741496598,
      0.1095890410958904,
      0.1103448275862069,
      0.1111111111111111,
      0.11188811188811189,
      0.11267605633802817,
      0.11347517730496454,
      0.11428571428571428,
      0.1079136690647482,
      0.10869565217391304,
      0.10948905109489052,
      0.11029411764705882,
      0.1111111111111111,
      0.1044776119402985,
      0.10526315789473684,
      0.10606060606060606,
      0.10687022900763359,
      0.1076923076923077,
      0.10852713178294573,
      0.109375,
      0.11023622047244094,
      0.1111111111111111,
      0.112,
      0.11290322580645161,
      0.11382113821138211,
      0.11475409836065574,
      0.11570247933884298,
      0.10833333333333334,
      0.1092436974789916,
      0.11016949152542373,
      0.1111111111111111,
      0.11206896551724138,
      0.11304347826086956,
      0.11403508771929824,
      0.11504424778761062,
      0.11607142857142858,
      0.11711711711711711,
      0.11818181818181818,
      0.11926605504587157,
      0.12037037037037036,
      0.12149532710280374,
      0.12264150943396226,
      0.12380952380952381,
      0.125,
      0.1262135922330097,
      0.12745098039215685,
      0.12871287128712872,
      0.13,
      0.13131313131313133,
      0.1326530612244898,
      0.13402061855670103,
      0.13541666666666666,
      0.1368421052631579,
      0.13829787234042554,
